date,Positive,Negative
2017-1-29,0.40404002407463135,0.9144974420704183
2017-2-20,0.37977395682682524,0.9185280411377149
2017-9-29,0.3947001394700139,0.9298000929800093
2017-4-8,0.38829457364341086,0.9187596899224806
2017-12-22,0.4079207920792079,0.9076113861386138
2018-1-26,0.3965290943561324,0.9264498565942346
2017-10-20,0.39599200561767406,0.9373413277156593
2018-12-31,0.40316982878297086,0.9095326237852845
2016-12-4,0.38712966294830276,0.9117188437087681
2017-6-19,0.37888198757763975,0.9216238714221682
2017-4-18,0.3972761213650944,0.90718830520061
2018-1-27,0.38763044031560195,0.9281411724781539
2018-2-6,0.4092371213212348,0.9231360122905564
2018-2-26,0.3831518115136697,0.9192709490998
2017-8-3,0.3611982035420727,0.9381832048131514
2018-1-11,0.39116983025336566,0.928254870808596
2018-1-20,0.37951729478575114,0.8950696954052659
2016-11-3,0.3753810082063306,0.899452911293474
2018-1-7,0.3764167229602942,0.9391278240636494
2017-7-28,0.3759171663749115,0.9256583112965101
2017-1-13,0.37545391665225664,0.9207158914058448
2017-10-12,0.38966946325684826,0.9362175275447286
2017-10-31,0.3702625193028899,0.9324067946172513
2017-5-24,0.39613291087821917,0.9263140791290926
2017-3-19,0.37979827298454394,0.9119076990058776
2017-9-6,0.36013986013986016,0.9071241258741258
2017-8-22,0.36820609487904493,0.9256466645722066
2018-2-25,0.3761676646706587,0.9182634730538922
2017-9-16,0.3902873924900357,0.9294105307321167
2017-10-6,0.3946210571977443,0.9315857966164715
2017-1-31,0.39066261244140377,0.9083048270619536
2017-12-5,0.3968599342975383,0.9251247920133111
2017-5-4,0.37716304175265913,0.9054214954754723
2017-7-7,0.41229356628196134,0.9185104890645922
2018-2-21,0.3798958407647856,0.920418063779696
2017-3-3,0.3621125683702876,0.9157207551608539
2017-2-15,0.3667042042042042,0.9215840840840841
2017-12-2,0.4007577352136392,0.9098084613765524
2017-9-3,0.379107667646273,0.9156647965090391
2017-8-24,0.36205772536004266,0.9220055710306406
2018-2-13,0.3910002571355104,0.9223450758549756
2017-12-24,0.3942630717546731,0.9197174605909209
2017-12-27,0.40558217354931936,0.9231880751387939
2017-6-4,0.3969674704428562,0.926858593280342
2016-11-18,0.38737040527803956,0.9110116242538485
2017-6-14,0.3753157424318968,0.9182761434733611
2017-3-5,0.38457774049217003,0.91582774049217
2016-12-22,0.3740232312565998,0.9027455121436114
2017-12-29,0.39045322363288176,0.928860202851266
2018-1-17,0.37973749406989615,0.9325285962785304
2016-12-30,0.38283717492104025,0.8975875277199113
2017-2-13,0.37048639038225456,0.9197392371841002
2017-2-26,0.3785835842387747,0.9019505170833879
2018-1-23,0.38140141445553494,0.9231579475347345
2017-7-30,0.37691577376915775,0.9221483792214837
2018-1-6,0.3864532936360253,0.9366579828805359
2017-5-31,0.40657478032026406,0.9245283018867925
2016-12-14,0.3834592202639811,0.8988708323796445
2018-1-13,0.3717999734712827,0.9338108502453907
2016-12-21,0.38862849883919576,0.8974111875246397
2017-9-1,0.3547892160444217,0.9310294439979543
2017-10-16,0.4046649389115142,0.9302727384919166
2016-11-5,0.39338235294117646,0.9021650326797386
2016-11-9,0.402263807711095,0.881251158011757
2017-6-26,0.4074789878196773,0.9079059733021709
2017-9-26,0.38410251560431247,0.9252411575562701
2017-10-30,0.39179740494660314,0.9398545935228024
2017-1-18,0.38139828247052543,0.9158216486342244
2016-11-25,0.39012738853503187,0.896599547976166
2016-11-29,0.37580321696066793,0.9120861130438341
2018-1-10,0.39147875767337265,0.9260925059259709
2017-7-25,0.38670142401369545,0.9312115788654579
2017-10-17,0.40234134319162046,0.9255027166302582
2017-12-18,0.38860504722093203,0.9203179026681116
2016-12-1,0.3910569105691057,0.9069823051171688
2017-1-5,0.37187678562152615,0.8963690197911797
2017-1-24,0.38556716307327554,0.91320293398533
2017-4-14,0.4236766966835054,0.918295629255436
2017-9-4,0.3707929264118654,0.9066090783147258
2017-7-31,0.3470430384972649,0.9250696666322634
2018-1-4,0.37562451960030746,0.9322156033820138
2017-1-10,0.3983847684444618,0.9142834848425735
2016-11-21,0.38851313054978276,0.9053466843000189
2017-5-22,0.4058575422965736,0.9245533387043268
2017-3-17,0.37206579017405655,0.9228721988609144
2017-5-20,0.4049371747683716,0.9313999238482041
2017-5-23,0.3939917458489298,0.9167386505422785
2016-12-7,0.38463658917577875,0.9007167141413214
2018-2-16,0.40147981905530034,0.9220114317775362
2016-11-23,0.36560947948848305,0.895506628602714
2017-4-25,0.4124509547475804,0.925974365681402
2017-6-10,0.40827364420406376,0.9217219704721532
2017-1-9,0.3774496644295302,0.9173691275167786
2017-12-11,0.3912368734157571,0.9232838446019347
2017-10-24,0.40067032297379646,0.9212370505789153
2016-12-15,0.38186801602361375,0.8988825637781994
2017-10-22,0.40180296200901483,0.9188667095943336
2018-2-3,0.3725974739154311,0.9211285008237232
2016-11-19,0.3873962147387964,0.9138260017533908
2017-3-8,0.3494909763998149,0.9106316520129569
2016-12-31,0.39293634496919916,0.8998767967145791
2017-2-11,0.3766307430516166,0.9093716518560534
2017-12-10,0.383160013418316,0.9103656491110366
2017-10-27,0.3915600885003508,0.9275808105337003
2017-5-9,0.39203798158662945,0.9318961922176242
2017-3-16,0.3746007604562738,0.9214195183776933
2017-5-29,0.4090101175827181,0.9186491659830462
2018-1-31,0.38956723647864205,0.9196525081068098
2017-5-10,0.40327817548801004,0.9330673238665258
2018-1-28,0.39525061757908997,0.9213483146067416
2017-1-22,0.37169406719085063,0.9223552537526805
2017-10-2,0.3874082657396678,0.9249388438264452
2017-1-25,0.3823910081743869,0.9099795640326975
2017-12-21,0.395307306910065,0.9125948707773203
2016-11-10,0.39824408939991535,0.881943980212581
2017-2-21,0.3732136760474077,0.9082573281958738
2017-9-14,0.3933685003767898,0.9264268432951255
2017-10-7,0.4022410809920079,0.9317788580374062
2017-5-27,0.3970968138762455,0.9247754951408538
2017-4-26,0.4277662874870734,0.9247673216132368
2017-9-23,0.39476761180941244,0.9344489915229465
2018-2-5,0.40785202740996446,0.916482044412386
2017-5-21,0.4125444949061004,0.9210138701362465
2017-1-16,0.3822412384019999,0.9171674438728907
2017-9-20,0.3933461371662227,0.9295582677653181
2017-2-12,0.37272781453006737,0.9126288813397699
2017-9-12,0.3994962902457287,0.9241031924307399
2017-7-16,0.3949365066687964,0.9181375289513617
2017-6-28,0.4043871229816188,0.9230730171625876
2017-8-7,0.3661962755332173,0.9177137702171532
2017-10-18,0.39281260628046705,0.9377621584854325
2017-9-24,0.38270846138086456,0.9320494434200642
2017-2-7,0.3632445690259285,0.9082340574632095
2017-2-2,0.3901698041555905,0.9137145337167037
2017-6-6,0.4023621700233573,0.9353488167114715
2017-2-16,0.38393397132590984,0.9185670070084314
2016-11-26,0.3879161803123784,0.902006558834973
2017-6-17,0.39142764543834063,0.9180035650623886
2018-2-20,0.3897271268057785,0.9213884430176565
2016-12-24,0.3779373368146214,0.8937481868291268
2016-11-17,0.38609283969178726,0.9054688968239053
2016-11-12,0.384512334585852,0.8975004084299951
2017-5-25,0.40363017583664207,0.9210436755530346
2016-12-29,0.3792234918294631,0.8975304091411721
2018-1-18,0.4035146684592116,0.9156863686560714
2017-7-6,0.40656197092649893,0.9169245139821356
2017-11-9,0.38089330024813894,0.924317617866005
2018-1-30,0.39388799619115633,0.9240314229601857
2017-6-23,0.3846659364731654,0.9208652792990142
2016-11-2,0.3692657437567861,0.9125610749185668
2017-7-17,0.4047169811320755,0.9171476137624861
2016-12-3,0.38759781137847854,0.9146908277931399
2017-6-22,0.3822913693025026,0.9128366162337045
2017-12-14,0.38415190797882054,0.9142322439291583
2016-12-8,0.4021359223300971,0.9138349514563107
2017-5-7,0.392497459114848,0.9038159475191722
2017-12-17,0.37512201924417793,0.9214196067494074
2017-3-23,0.354259322613753,0.9094680123161136
2017-4-10,0.4135900810417677,0.9218674239800513
2017-4-3,0.37014139024783616,0.9033385301865491
2017-11-10,0.36816111507435656,0.9253141634198541
2017-2-3,0.3807398708162067,0.9111763554511646
2017-11-23,0.4078435285899611,0.9257559125835745
2017-6-21,0.39213907063374565,0.8855723769043412
2017-6-30,0.3951951951951952,0.9304804804804805
2017-11-6,0.38418713928188364,0.9313550232391848
2017-6-13,0.35638145657461723,0.9332522535412792
2017-8-2,0.35906957553251845,0.9229975759451235
2017-1-1,0.37092089526738425,0.8920211857167265
2017-8-1,0.357495439424831,0.9270307972958471
2017-8-16,0.3809729514188875,0.912740081079285
2017-1-20,0.40036096946083766,0.9225634561393457
2017-3-12,0.3831807977896736,0.9064928337074771
2017-2-22,0.3564091112103618,0.9161679321125502
2017-8-21,0.3632975647368759,0.92218723896421
2017-11-25,0.40309663641217297,0.9253603844100373
2018-2-2,0.3725214408233276,0.9156775300171527
2017-4-6,0.36141897904700265,0.9048216163740798
2017-8-18,0.36812056588724235,0.9274169850132237
2017-2-10,0.3731400595180954,0.9124508015743497
2016-12-25,0.38758721232948035,0.8954493387483078
2017-2-24,0.376271186440678,0.9046779661016949
2017-9-7,0.3482367758186398,0.9210047579065211
2017-1-19,0.3842944022728282,0.9135259910329826
2017-10-13,0.40670064644455495,0.9299477871705619
2017-3-18,0.37801950487621905,0.9085521380345086
2016-12-26,0.3721229817931982,0.9140329783579526
2017-4-13,0.42308432189804424,0.9290157101635139
2017-11-14,0.3600859393650036,0.9333969921222248
2017-12-8,0.37536870003847306,0.9169837130765613
2017-11-16,0.3486072719540719,0.9416684385853001
2018-2-24,0.3754445286538798,0.9136011193377251
2017-10-15,0.397986983502346,0.916906311487816
2017-12-7,0.380826833644586,0.9128858618038009
2016-12-20,0.3793726837205098,0.9024224893790112
2017-12-1,0.38519810188096737,0.9267337487850895
2017-6-20,0.3914072926083775,0.8930647036032545
2017-9-21,0.37963985859478566,0.9330534688466637
2017-12-6,0.3788519141602725,0.9181814451602314
2017-7-21,0.391078283687254,0.9440691967539725
2017-4-16,0.40457132692991815,0.9195126289576663
2017-3-9,0.3561467996965984,0.9110216465371376
2018-1-5,0.3892579138557343,0.92952776336274
2017-5-19,0.4119221587209723,0.9246183896404543
2017-11-15,0.3766463911106854,0.9256669380717467
2017-5-30,0.41267000715819613,0.927906738930361
2017-2-9,0.3732974910394265,0.9094086021505376
2017-3-15,0.3774538106235566,0.9144534257120862
2018-1-15,0.3862120593439499,0.9250714577378522
2018-2-12,0.388061306802904,0.9230976068835709
2017-4-27,0.40747213015968664,0.9290750225971678
2017-7-19,0.411804860289433,0.921452625830527
2017-10-25,0.4004203888596952,0.9058328954282712
2017-10-21,0.38710823048921245,0.9263961644322116
2017-6-7,0.3761252077909858,0.9411912304362826
2017-6-11,0.3851643762812239,0.9265052008199833
2016-12-12,0.3774223674994163,0.9000700443614289
2017-11-12,0.38382999916991783,0.9198140615920977
2018-2-22,0.38297133476449047,0.9223386791261523
2017-4-21,0.40627471658317954,0.9193250725019774
2017-7-14,0.3946668209162425,0.9282161036557149
2016-11-20,0.3806431386599785,0.906171623074167
2017-6-24,0.40606949665352526,0.8957550197121115
2017-3-20,0.3557164895440521,0.9175522797394583
2017-4-24,0.41249765199423954,0.9187276939452758
2017-6-27,0.40231569690751867,0.9117690165616298
2017-7-18,0.3960741996814141,0.9210729150608911
2017-2-19,0.39489366355037997,0.9067847575310262
2018-2-1,0.3787666939877537,0.917072465165614
2017-3-1,0.38081170749443255,0.915102486024633
2018-1-29,0.39769481166544873,0.9226732212847937
2017-2-25,0.3664883938909412,0.8824502398412086
2017-1-7,0.39186312386659305,0.8957659859654656
2017-11-17,0.37338895128081717,0.932563238675865
2018-1-19,0.36264569695034327,0.8939006865719303
2017-12-20,0.3895594193112762,0.911968264686023
2017-2-4,0.38376107722407643,0.9053976291863275
2017-12-13,0.3702023207378756,0.9077655459684618
2017-1-17,0.38247291547874906,0.9129786394140094
2016-11-1,0.374213980814247,0.8947996511681278
2017-1-14,0.3964864712195673,0.9162853753601085
2017-8-9,0.3477649704807422,0.9283103739105988
2017-8-10,0.35991496514559745,0.9177831611212736
2017-7-9,0.41171645361952286,0.9140064255930002
2017-5-17,0.4152280301438136,0.9274026480919927
2016-12-9,0.3906153018579054,0.9037530516820458
2017-9-15,0.38700841322637447,0.9310311093719429
2017-4-12,0.417203552150444,0.9179871147483893
2017-8-14,0.36295289855072466,0.9184782608695652
2017-5-15,0.4074650683065426,0.9285019265947924
2017-2-6,0.38657044242234073,0.9197633242189251
2017-11-18,0.3808620689655172,0.9305172413793104
2017-11-22,0.3997134670487106,0.9196343293764497
2017-9-18,0.38575205043042093,0.930658171219413
2017-8-20,0.36393471704807523,0.9118325350363669
2016-12-6,0.39011593467039013,0.906067529829906
2017-9-22,0.37572498791686804,0.9227283711938135
2017-3-21,0.37999893213732716,0.9094986384750922
2017-5-5,0.3976257772752968,0.9051441492368569
2017-8-8,0.36351684470008216,0.9271980279375514
2017-7-2,0.41158574444306467,0.9228858810381224
2017-5-28,0.4113759135684779,0.9277407054337464
2018-2-27,0.3874371408045977,0.9224137931034483
2016-11-16,0.3772725772923747,0.9022338073712344
2017-11-24,0.40359412231930103,0.9245432883240667
2017-8-17,0.3697881551399879,0.9203009119619602
2017-3-14,0.3809392392254266,0.9222666850650844
2017-7-15,0.3958906202260923,0.9159792239535595
2017-10-19,0.3920320361433412,0.9307423760139645
2017-5-18,0.40931927540333995,0.9300169827342202
2017-12-15,0.3874152070466741,0.9274071074212817
2016-12-2,0.38675742574257427,0.9066478076379066
2017-9-11,0.3692603574004327,0.9218687394823303
2017-8-19,0.37800224466891136,0.9107369996258885
2017-10-26,0.3975072463768116,0.9153623188405797
2017-8-6,0.35142278213373274,0.9250286318386045
2016-11-8,0.4252724243859944,0.9058091730219621
2018-1-12,0.38961446444679765,0.9374436208181355
2017-9-27,0.39540412044374007,0.9202324352879028
2017-7-20,0.4035154575334635,0.933120563997523
2017-11-2,0.36205461535412786,0.9104276485276049
2017-1-23,0.3838710864206615,0.9175894926603142
2018-2-7,0.3966050747060384,0.9189284767040934
2017-5-3,0.3785023758807144,0.9251734119831777
2016-12-5,0.39026599294499,0.8990370864715416
2017-6-9,0.3949498355956496,0.9339431751117107
2017-4-19,0.4081467929401636,0.907554885923375
2017-8-25,0.37783819161254595,0.9231737401198208
2017-3-4,0.3829415193316495,0.9223495887572049
2016-12-23,0.3914407349316603,0.9079094779296437
2017-2-8,0.3491562025113973,0.9114212588978645
2017-2-23,0.37030002158428665,0.9062378588387654
2017-4-2,0.37450261371615823,0.9113677147538426
2017-6-2,0.4083926380368098,0.925840490797546
2018-2-8,0.39812634883264664,0.9238767902687856
2018-1-16,0.3890278055611122,0.9315863172634526
2017-3-7,0.35403840852706053,0.9193696591013507
2017-6-16,0.3971738309692034,0.9339841432500944
2016-11-7,0.3909797400481895,0.8907252180405199
2016-12-28,0.38189576348674187,0.900518134715026
2017-4-30,0.41740644038294167,0.9181026979982594
2017-6-1,0.42287565412409667,0.927942520142869
2017-10-23,0.3914482056502927,0.928480529396793
2017-4-9,0.4024571854058079,0.9272151898734177
2017-4-11,0.37477002635373674,0.9272040177017553
2017-5-14,0.40790667530784186,0.9131561892417369
2017-7-10,0.4123245948003916,0.9228761013814859
2018-2-15,0.3917176535656262,0.9230184244184036
2018-1-8,0.3826648669494794,0.9378133436174315
2017-3-28,0.35124473586012045,0.9156671464363773
2017-9-17,0.3721030412682002,0.9193590074954768
2017-6-8,0.35138954309938764,0.9513529073114565
2016-11-27,0.39114391143911437,0.9088343824614716
2017-4-22,0.40616071428571426,0.9214285714285714
2017-4-17,0.41702652683528685,0.9109808760024676
2016-11-4,0.3685192788623045,0.8960471800231421
2017-10-1,0.3916460614623808,0.9296185093606499
2017-6-29,0.40355342136854744,0.924561824729892
2017-7-29,0.3869184376794945,0.9238943136128661
2017-12-16,0.38591368750890187,0.9275032046716992
2018-2-9,0.38231365215068125,0.9163238044349452
2017-1-2,0.4013886837051263,0.8954793913428867
2017-12-25,0.39995232987724944,0.9240853295197236
2017-5-6,0.38815732851364143,0.9071348653068251
2017-11-13,0.36432714356368867,0.9322872173013803
2016-12-11,0.3875518276700186,0.900490873564314
2016-11-22,0.3892364944996524,0.909458962090541
2017-7-22,0.38733235025630225,0.9257074643634576
2016-11-28,0.38851444926599576,0.9054565598744345
2017-7-13,0.3890146927168361,0.927484333034915
2016-12-10,0.3980728384188986,0.8906387608143812
2018-2-14,0.37255478746874543,0.9288130607442271
2017-12-23,0.40295991007868115,0.9126077182465343
2017-10-5,0.3867053998632946,0.9287423103212576
2017-7-1,0.4011035983523743,0.9236807336597498
2017-6-12,0.3982226868792473,0.9263460533193936
2017-3-6,0.381230726745524,0.9126432549362544
2017-9-28,0.39739433604501806,0.9281913266866475
2017-11-3,0.35742108252860505,0.9154832427168709
2017-9-8,0.3398708254568368,0.9212350346565847
2017-3-2,0.3267290572928555,0.9260442821273682
2017-7-12,0.4002265898231614,0.9210876311511749
2017-12-19,0.39781241454744326,0.9082307902652448
2017-6-5,0.4105169692186267,0.926450276243094
2017-4-5,0.36692622541679143,0.9200858540481182
2017-9-9,0.36973108192620385,0.9100687929956223
2017-4-1,0.3621382636655949,0.9148713826366559
2017-12-30,0.392561187126614,0.9229138562343419
2017-6-15,0.3903773854280683,0.9309475086850997
2017-4-29,0.4058840063712171,0.9209219525906494
2017-9-13,0.38643383226419575,0.9204680446661915
2018-1-2,0.3894543225015328,0.9286327406499081
2017-2-1,0.3921222634286398,0.8944849862423735
2017-1-3,0.39428183277757195,0.89675188341361
2017-11-27,0.40011318619128466,0.9174306734578381
2017-1-27,0.3756316899446898,0.9156420357327604
2017-11-8,0.3920148840951375,0.9114999748579474
2018-2-23,0.37807007765763756,0.928250287964924
2017-2-14,0.3553320525859796,0.920405318868422
2017-10-10,0.3876155171513601,0.9391740197358116
2017-7-11,0.3996802855124726,0.9276924792743224
2017-12-26,0.40583690987124466,0.9184549356223176
2018-1-14,0.375685626267939,0.93109925614246
2018-1-3,0.3929229635090306,0.9419725132957717
2017-12-28,0.4022346368715084,0.9151617513316876
2018-2-19,0.3940367562010024,0.9192049008268003
2017-9-19,0.40388114008489995,0.9297756215888417
2018-2-11,0.39384116693679094,0.9077128420249786
2017-2-18,0.37697825967909754,0.9237172115437271
2017-1-30,0.4014002656630507,0.9170909895948638
2018-1-25,0.3871697165110339,0.9322055190318663
2017-7-27,0.38203433710314755,0.9312235999454966
2017-3-29,0.3481801562240319,0.908259930197773
2017-8-15,0.36953364032512287,0.9212535154680594
2017-6-25,0.37193342273408536,0.9101522442218191
2016-12-27,0.39243498817966904,0.894938117090808
2017-4-23,0.3916913946587537,0.9143587207385427
2017-3-25,0.3447543160690571,0.9094289508632138
2017-7-24,0.3903439890571964,0.9272506205988146
2017-6-18,0.39915254237288134,0.9050847457627119
2016-11-11,0.39659414817160815,0.891392793626818
2017-9-2,0.36244700181708056,0.9223500908540279
2017-2-17,0.38296427628352636,0.9230450035836886
2017-7-8,0.40385754166314186,0.913120717367397
2017-8-4,0.3765711135611907,0.925303197353914
2016-12-19,0.3962062615101289,0.8831307550644567
2017-8-5,0.37059115747640337,0.9208478224871668
2017-8-29,0.3691983122362869,0.9276107594936709
2017-6-3,0.40377578176979373,0.9253992015968064
2017-8-11,0.36015112102068625,0.9228291836987489
2017-5-16,0.40029426778368316,0.9336095847220971
2017-1-12,0.3775585219578255,0.9160379183594506
2017-5-8,0.3714612227936211,0.9345488546049556
2017-11-19,0.37365401241845475,0.9261180539181011
2017-3-31,0.35782493368700263,0.9226525198938992
2017-10-14,0.40696776684037833,0.9300328121984173
2017-8-23,0.37699076823408734,0.9260378988284835
2017-11-28,0.38634632288309406,0.9223556987987108
2017-1-28,0.40946709729511505,0.9097698829228906
2016-12-17,0.3875166188510251,0.9019662724791827
2017-9-5,0.3619230569544676,0.9080006230206116
2017-9-30,0.39098183030505085,0.9368228038006334
2017-12-12,0.38482654681486667,0.9161934494173373
2017-8-13,0.3559265994379236,0.9178927646442938
2017-9-10,0.3412887828162291,0.902744630071599
2018-2-18,0.4020261403600861,0.9217363917904572
2017-1-26,0.3963243972348676,0.9222053616590794
2017-11-26,0.4018939393939394,0.9204545454545454
2016-11-14,0.38666871921182266,0.9034174876847291
2016-11-15,0.37808132147395174,0.896728081321474
2017-5-12,0.40686311932208563,0.9400717612031453
2017-3-27,0.35574198566587034,0.9204955830879493
2017-12-3,0.38295277457822346,0.9228945050477675
2017-8-28,0.3725477984679579,0.9129974465965
2017-8-30,0.36338695597954856,0.924055368499813
2018-2-28,0.3908949069430514,0.9260002228908949
2017-11-5,0.3850690348990495,0.9236106292929994
2017-1-6,0.37737333989178556,0.8979832759468765
2017-3-24,0.3347633080911702,0.9067780803521468
2017-11-11,0.39324092820432954,0.9316305871359601
2017-11-30,0.39161329941222917,0.9173173085358365
2017-10-3,0.38946730011118974,0.932831294854948
2017-4-4,0.36943195749897834,0.9127503064977524
2017-1-11,0.38758975218618164,0.9285893889866734
2017-3-22,0.3633917168399927,0.9263820470717022
2016-12-18,0.3869506671563227,0.8943567144081283
2017-3-11,0.3727874128374754,0.89549436795995
2017-1-8,0.3792785878741366,0.8915579432079815
2017-1-4,0.37048590916300955,0.8822503040236874
2017-1-15,0.39011111111111113,0.9145
2017-5-26,0.39718698766071275,0.9185434463715593
2017-11-29,0.3923363326093702,0.9235701727169304
2017-11-1,0.37801596351197264,0.9351425313568985
2016-11-6,0.3788680138932744,0.9006157246605621
2017-8-31,0.35772162535261987,0.9225736750495168
2018-1-9,0.3833475016529706,0.9282138471710588
2018-1-1,0.3911764705882353,0.9217864923747277
2016-12-13,0.3972023286007455,0.9041336851363236
2016-11-24,0.3800652330145392,0.9050251534081486
2017-2-5,0.39287755801989255,0.9133417171601692
2018-2-4,0.3791308462812525,0.9119015695244105
2017-5-11,0.39459232458974025,0.9390425119524486
2017-7-3,0.41840417000801927,0.9187383052659717
2017-11-20,0.3908148478430498,0.929606509865121
2017-5-13,0.4074455751642406,0.9216797629782301
2018-1-24,0.38429524143809857,0.9341122198265055
2017-3-30,0.3547614294270313,0.9219005789578758
2017-11-21,0.40167930660888407,0.9163596966413868
2017-12-9,0.3826168765378492,0.9146765089014329
2017-7-26,0.41565693430656936,0.9286496350364963
2017-2-27,0.3627091393257298,0.9127267246143798
2017-7-5,0.389179479051091,0.9223331748296085
2017-4-20,0.39397505295363616,0.9245704871734526
2016-11-30,0.37515939811272636,0.9041060953838307
2018-2-17,0.39571611884315466,0.9170368176882835
2017-5-1,0.3930010360308507,0.919880280879475
2017-3-10,0.3724250603778946,0.9135530615144196
2017-3-13,0.36621590383726305,0.919671752196024
2018-1-22,0.39531051367766845,0.8849757521540562
2017-4-15,0.4132044426162073,0.9266762649115591
2016-12-16,0.37996666959038683,0.8941320936759933
2017-2-28,0.379835358056266,0.9165601023017903
2017-8-12,0.35179826374534934,0.9203330774227839
2017-11-7,0.3911690108369841,0.9250634078856352
2017-3-26,0.3628477003580281,0.9148306251721289
2017-10-9,0.40382800916565575,0.9289661679471627
2018-1-21,0.3799054712116872,0.9079776568318534
2017-7-23,0.38737894407997503,0.9173695720087472
2017-5-2,0.3864989704491068,0.9218654349156882
2017-10-11,0.39242402280523747,0.940087935449582
2017-8-27,0.36962750716332377,0.9223086369218174
2017-11-4,0.37267809424493253,0.9022355471550544
2017-10-29,0.39339452302136624,0.9216822148660848
2017-1-21,0.38827028982594364,0.9287293483940989
2017-9-25,0.3784095677717163,0.9324905581200168
2017-4-28,0.41659289237384595,0.9280384469457442
2018-2-10,0.3888419273034658,0.9284305438151592
2017-8-26,0.38970962812022414,0.9150716832836038
2016-10-31,0.3956343792633015,0.855843565256935
2017-10-4,0.3958094144661309,0.9324339839265212
2017-10-28,0.3969031442565966,0.923842629167325
2017-4-7,0.37359882703495245,0.9152438159201627
2016-11-13,0.40048075402473354,0.8984407122750419
2017-7-4,0.4077115595182231,0.9164711403097138
2017-12-4,0.3970321953804708,0.9197102857395222
2017-10-8,0.37829457364341085,0.9273040482342808
